"CustomerID","FirstName","LastName","Department","Phone","Street",CITY,STATE,ZIPCODE
1,Johnny,Charlot,DEV,18434674478,Barkhill road,Sindhanur,ID,69154
2,Lumo,Gautier,TESTING,19078323805,Smithdown road,Bhopal,HI,38147
3,Muthee,Champoux,ADMIN,15593414224,Wostenholme square,Jodhpur,KY,92657
4,Kana,Therrian,TESTING,17757803357,Edmund street,Mount Abu,HI,04776
5,Asatira,Forton,SUPPORT,12846337676,Waverley,Kalyani,NH,61369
6,Azaryahu,Nolle,DEV,17155767629,Quakers alley,Ramanathapuram,AL,43610
7,Aloke,Garis,TESTING,19256417859,Holt lane,Betul,CA,02337
8,Corey,Baine,ADMIN,17066605287,Rumford street,Farrukhabad,MT,77571
9,Easton,Beauchamp,SUPPORT,16828461557,St vincent street,Kotdwara,GU,12567
10,Aurnia,Bui,TESTING,19722546560,Hurst street,Bangalore,TX,61528
11,Urice,Varnadoe,DEV,13112157181,Stanley road,Bhilai Nagar,WA,92850
12,Bhanupriya,Savin,ADMIN,14046665075,Holy land,Karnal,MA,95965
13,Annot,Banse,TESTING,17146959152,York street,Ajmer,WA,72410
14,Olle,Paulhus,ADMIN,13315671623,St pauls,Puducherry,KY,46784
15,Ruqaya,Auch,DEV,18116018204,Park Place,Tzudikong,PW,55427
16,Margarita,St. Ange,SUPPORT,13058997686,Chapel street,Banswara,WA,64832
17,Erskine,Moree,TESTING,16646893128,Duncan street,Kurnool,ND,67037
18,Ares,Barnaba,DEV,15718171464,Fazakerleystreet,Bhandara,NY,32955
19,Shaheen,Chene,SUPPORT,13609751967,Stowell street,Kanyakumari,MA,86028
20,Kantimoy,Lorge,DEV,14794795861,Dunstan Road,Patratu,SC,54928
21,Izabella,Sarrazin,TESTING,17811585644,Edge lane,Kumbakonam,OH,49006
22,Ailis,Paule,SUPPORT,18634838569,Merton Street,Darjeeling,TX,85385
23,Padraig,Etienne,DEV,18197993261,Pecksniff streets,Damoh,WI,96143
24,Mteule,Arcement,TESTING,16003853431,Addison street,Jagraon,HI,97906
25,Rowan,Violett,ADMIN,14027114485,Beaufort street,Siddipet,SD,85255
26,Surama,Payeur,DEV,16089517810,Russian drives,Bhavnagar,RI,90063
27,Becky,Ste. Marie,ADMIN,17675073536,Burdon street,Banganapalle,LA,73170
28,Menikaliya,Charland,SUPPORT,19185791954,Dunbabin road,Jammu,NV,65205
29,Judah,Luneau,DEV,14093698818,Bankhall street,Nandurbar,FM,25208
30,Dominique,Force,TESTING,15196575652,Aigburth hall road,Kalyani,NJ,17354
31,Fila,Larrieu,ADMIN,14133129446,William Street,Shivpuri,VI,64730
32,Avisha,Charbonnet,DEV,13804188857,Fox street,Bhimavaram,OK,75692
33,Devahuti,Armendariz,SUPPORT,12685589242,Oak hill park,Navsari,IN,50073
34,Miriam,Gavin,SUPPORT,19528011127,Archerfield road,Shajapur,NV,08096
35,Saroj,Selin,DEV,18805326515,Parliament street,Alwar,DC,61728
36,Makwangwala,Gee,ADMIN,16705643694,Maddocks street,Sagars,WA,70130
37,Akhil,Trottier,DEV,19357814196,Old churchyard,Barh,CA,28575
38,Slaine,Tribolet,TESTING,17851214690,Mannering,Coimbatore,OH,39747
39,Cedric,Montreuil,SUPPORT,13197346807,Alma road,Sirohi,NJ,32692
40,Hondo,Naves,DEV,16693839970,Prescot road,Amreli,MS,22801
41,Grazyna,Spoo,SUPPORT,16698173601,Catherine Street,Karimnagar,OH,24870
42,Brona,Bedard,DEV,18603209543,Hatfield street,Jaisalmer,MI,80818
43,Marisa,Carmin,DEV,18475376683,Beauchamp Lane,Kalyani,LA,59725
44,Dorrance,Nobert,TESTING,18075586565,Mannering,Shivpuri,OR,00953
45,Rajit,Mabile,SUPPORT,12423337949,Croxteth road,Chandannagar,IL,00982
46,Sukanya,Turin,DEV,13208884501,Beauchamp Lane,Palwal,NJ,20747
47,Jerrod,Serpe,ADMIN,18099959423,The strand,Mandsaur,CT,57221
48,René,Sasseville,TESTING,19849413925,Major street,Amravati,VI,44807
49,Yaj,Charpentier,DEV,12709054018,Quarry High Street,Hoshiarpur,MI,30014
50,Stephano,Ardoin,DEV,18181525460,Jericho farm close,Khuldabad,CO,95043
